user_id,name,signup_date
6a7274bf-a684-435f-b1e7-c9fad3df7af8,Jane Smith,2025-05-08
11cfbe93-0077-4fe7-aaff-1ed22afc6c9f,Mary Brown,2025-07-16
3ec37a58-c726-4583-9f08-1f807d463359,Jane Taylor,2025-08-12
6b7f8dcd-e946-4bdf-8a43-a0fb5437ffed,Jordan Wilson,2025-09-09
654e8a2f-008a-4ba5-94bf-600423bc9307,John Jones,2025-06-06
add439d5-6e1b-4313-803a-8df571b59bf2,Mary Taylor,2024-11-21
a90c7941-8ec0-40e5-8345-700b2f6e7f3e,John Taylor,2025-06-16
5b86bac1-2a3a-4d0a-a0dd-d309da442a48,Taylor Wilson,2025-06-05
1116013c-eabe-47da-b91a-987c2797bbda,Sam Anderson,2025-05-06
9562c1c0-dfa4-4116-8751-9c8c51a25587,John Williams,2024-10-03
aec39ea0-e921-4736-b047-e6f238343942,Alex Miller,2025-05-06
81355f76-d9c9-401f-8887-c6230b43c244,Peter Brown,2025-04-06
f14f6c4b-73f4-49c1-814b-178557293c86,Jane Jones,2025-03-15
13780177-dfc9-4e61-b6cc-f7fb98fc3bb4,Jane Miller,2025-04-02
082f2058-3a12-4d62-ad81-9dbee923b082,Jordan Davis,2025-09-03
01ebcd1b-a038-4172-af57-5422d6fc1501,Sam Taylor,2025-07-24
18a68826-c8e2-444b-ba65-286fd14251bf,Alex Jones,2024-12-17
cca80062-4369-4acd-a7e7-9c8a6a59cc31,Chris Anderson,2025-03-24
782d7fe2-adad-42ae-8a39-931a44ed4c2a,Jordan Brown,2024-09-30
ec098dac-1522-4f7e-abfe-6816a8786267,Jane Smith,2024-10-22
fcdaca56-119a-47ae-937e-724f90fa0373,Mary Davis,2025-08-16
87bdb364-76e9-4177-9e03-59e15e2e58ae,Mary Jones,2025-03-15
aff10afa-7eb4-463f-8a2e-dfb7360704f4,Chris Moore,2024-11-04
f75ebffd-8d7f-4718-8c56-86498ffdb420,Pat Williams,2025-03-20
80339005-0168-49aa-ba9b-74246fe5bf1a,Pat Brown,2024-10-17
0fa9cad1-f5f9-48a5-a736-f6dddc94257f,Chris Jones,2024-11-18
1132f26b-0cae-4c14-a013-0ba3f485a0db,Peter Taylor,2025-05-23
0cac52d8-4a4e-422f-8aee-00d6b601af78,Peter Moore,2025-03-15
fb666d50-1151-4361-a0e1-301088270735,Chris Taylor,2025-06-05
b2d003dc-96ef-4bb0-81d9-1a415245f5d3,Pat Smith,2025-05-31
75bac15e-baef-47b7-9e2a-a41f04fbe377,John Miller,2025-03-04
51e202a5-8536-448a-ba50-66853d1873dc,Chris Jones,2025-06-09
2ef4f2ae-2702-451e-932e-3cb4ab932c1a,Jordan Miller,2025-06-09
9bb9c6ee-c729-4992-b45e-cf77f85d4a36,Sam Wilson,2024-10-31
29df1259-48eb-4dda-9f7f-6b988fbd4d70,Sam Williams,2025-05-13
906543f5-d782-4b69-af20-301722ab627c,Peter Brown,2024-12-12
b449d597-ef85-4fc4-80d3-d6f9d8da43c2,Taylor Davis,2024-11-30
7abb074b-2335-4b47-b323-6171ab83f24a,Alex Anderson,2025-03-05
c1ed2bd9-0cc3-421b-b84d-481ba2ce13c7,Pat Brown,2025-07-17
6312b28e-8541-4eb3-bd82-1ca157807c81,Taylor Moore,2025-08-10
4a71710e-d423-4156-92ab-87ecd45e00ba,John Jones,2025-07-09
4a193973-5669-4e44-805d-f5c7639622b8,Peter Wilson,2024-11-24
2bb36e42-5c0c-42f1-9553-0b93ee26af43,Jane Wilson,2025-03-14
1687f6b3-3058-4495-8898-b0967d6bb2fa,Jordan Moore,2024-12-29
e25437c7-2842-4ae4-b298-f8368b74bc72,Chris Taylor,2025-09-20
a1c4c35d-8085-4aa1-b8b4-cdb89c67d596,Jane Taylor,2025-05-12
d8e7d9c4-f487-4bd1-8d93-428a2eac49fa,Pat Jones,2025-04-28
da60255b-5435-4567-b6f6-3712c5679a33,Alex Williams,2025-02-05
6d84ae21-9135-4fd9-a9a7-296c73c40401,John Davis,2025-01-12
e11d8ca1-a15a-4a98-8bf8-e7da9cf12df1,Peter Taylor,2025-08-02
46f6ab77-8dc7-46cd-a559-f17ce08015ab,Chris Taylor,2024-11-18
e05dd53c-ef7a-48bb-83b4-561f9714fb5e,Mary Williams,2025-03-18
14b7515f-0182-4d26-87e8-d8243626ac32,Peter Taylor,2024-12-28
30ed55f1-607c-4e3e-976a-168dcdb41e8e,John Anderson,2025-04-13
b96b3e04-babb-433b-91f3-392d09070b2f,Sam Smith,2025-07-30
871b5ccf-324a-468b-b7dc-49a3d05f9af1,Pat Davis,2025-05-26
d7c7d77c-7d2e-457c-a3a3-210c4aa29338,John Brown,2024-12-09
875fb025-4c8b-4cf9-93be-77ca5644040b,Jane Jones,2025-01-20
bc3bfdc7-996f-49d0-b007-ba40262f2ae9,Jane Taylor,2025-07-23
2f26a9ff-2513-4f48-9d94-50b32681270b,Peter Moore,2024-12-18
66559cb6-606a-47b5-b0cd-46ba08e19513,Peter Davis,2024-12-29
82acb13c-4a4a-46cb-af25-10ce2dc77b0d,Jordan Wilson,2025-06-09
9539c8a2-8511-47cb-9311-da560204241e,Taylor Brown,2025-04-19
4e52b08e-f234-437c-80af-bc37f3f19c48,Alex Miller,2025-02-13
ea62489f-7634-432c-8049-3104ee61b261,Taylor Moore,2025-07-26
2903b4c4-dbc1-4229-9d6d-b655fc4d171e,Mary Brown,2025-08-24
ac3a2538-fe3b-4299-9f28-9a83f0b7bfd3,Pat Smith,2024-11-28
e533c7f9-7e5f-4349-a0b6-6c75bd433444,Taylor Brown,2024-11-28
fa212c51-83bd-4ff3-8a59-68f504b0a365,Mary Smith,2025-08-20
bde8f007-8281-485b-a3e2-1cd6626ccabe,John Brown,2025-08-22
9f1364f6-906d-417b-828f-36eceb42c93e,John Miller,2025-08-20
e19b7d0c-7ed4-4662-9ff0-62d668b76ce4,Taylor Brown,2025-05-06
77639789-fced-40f6-a5f3-267c0e1aac14,Sam Brown,2024-12-23
863df6f2-e27f-4dfa-930d-762587f9f4b5,Peter Anderson,2024-12-04
6f33139f-a8e8-4711-86ff-c19f01d9df5c,Sam Brown,2025-01-26
62c669b8-da70-45fc-a453-f803a371e32e,Alex Brown,2025-08-08
d0b58082-08d4-440f-9c07-7076227e57dc,Jane Wilson,2025-03-28
3fb2ef16-8552-481d-91c2-03a0ea6a981f,Alex Wilson,2025-01-29
adc43a8c-43a6-4266-aefc-1896029e1913,John Jones,2025-08-25
a3c91d8b-15df-4b3c-b63c-6f823d0ad607,Alex Miller,2025-08-01
8df7a180-0e38-4fff-93d7-b7a75e55dc5e,Mary Brown,2025-06-20
3b4c9823-7f0c-4783-8a8a-adad071d445a,Taylor Moore,2025-07-16
f9576341-9859-45f8-80f1-e7cd516b398c,Alex Williams,2025-05-06
fb06800a-2c58-4f55-b1d9-e33c6bf2fb08,Sam Brown,2025-08-18
046880bc-1473-4fb8-bb75-419bca619a31,Sam Taylor,2025-08-06
db2e903b-2f1f-4c72-a82c-5ef5778db662,John Taylor,2025-09-18
dabb0562-821e-46b7-af8c-9440290a3a86,Jane Brown,2025-07-02
9fbdd039-f02a-4576-8f45-9d6c6e10daad,Alex Moore,2025-01-22
2cefed17-fdc7-4775-ab3d-14a73b37eb2f,Mary Wilson,2025-08-26
23e38fda-56e5-44b9-8329-51cf8d9ea620,Peter Wilson,2025-09-24
ccd83991-01e5-4908-81d4-ef00b06ec6b2,Alex Davis,2025-02-05
ca3dd7bc-403a-490a-a7fc-97984c49f475,Chris Wilson,2024-10-04
c5650340-3e3e-4f5b-a632-eaa4a94a0901,Taylor Moore,2025-07-08
dadf3893-cbeb-46fa-a18a-322faa888f6a,Mary Davis,2025-06-06
353ee221-6bff-4c85-915f-85de2174f0c7,John Anderson,2024-12-22
ed3b73c6-9804-4c9a-ab01-b98f75137b9f,John Miller,2025-08-27
5382066f-1afc-4f76-ac73-94ad988c7863,John Anderson,2025-01-24
a192a674-58bd-429b-a25a-933e01bca2e3,Taylor Taylor,2025-07-07
f46f18d8-09ce-428f-b904-b26dd946e85c,John Taylor,2025-08-15
a4aa363a-5313-43b4-9919-d19f5c405b0f,Peter Jones,2024-11-25
6179dc10-8821-455a-9273-bf38a5b135a1,Jane Brown,2025-03-03
e4d453cd-bca5-418f-9b0b-5fecdc8bfbcc,Jane Anderson,2025-05-22
93dc85a2-5fce-445f-8dc2-c0fed070ffc7,Jordan Anderson,2025-09-05
6008cd51-b4a4-4dd9-a23b-9c526c666668,Jordan Jones,2025-02-23
9735dfbe-95cc-412d-a691-6196fd1351cc,Jordan Anderson,2025-01-01
ffae331c-c705-432c-8aea-ab92bd7a324b,Pat Davis,2025-06-13
ffbb7967-e268-4098-ba50-9cc666a6aa58,Pat Brown,2025-05-13
cef6bd8b-17c5-42e8-a566-b4ec618d11e7,Alex Williams,2024-10-17
a4f6da61-2230-46e8-ad96-b932db6e77ff,Chris Moore,2025-04-17
d765dbf4-ed84-46a9-a16f-e6af4f439e33,Jane Smith,2025-02-03
fada2d2a-ca13-44b4-85d0-f80d827ca180,Jordan Anderson,2025-08-05
b28b8d42-5e7c-48ea-9c5b-29a8a2b9ba74,Jane Taylor,2025-06-08
268f969d-8da1-4a4a-a007-6037bc25b5ac,Taylor Davis,2025-07-20
5838bf5b-d419-4f9e-97af-07ee3f3b9e36,Pat Jones,2025-05-23
e662c128-4560-442e-baab-18ce51f1efbc,Pat Davis,2025-07-07
2f98fc25-7afb-4f0c-9981-999ca278efea,Sam Taylor,2024-09-30
cbd460d7-114a-4892-b500-c5e7a6ef8b61,Chris Anderson,2024-10-26
6f89ce66-59ca-413a-8a85-3113bf4e7943,Taylor Smith,2024-10-19
ab21b7a6-8dd4-45c6-9166-037f13bfd184,Taylor Davis,2024-10-21
ec7781fb-1081-4309-b99a-ce79e6b2935b,Jane Williams,2025-05-13
9d327e11-111b-44b3-af16-58f78864027a,Jane Jones,2024-12-16
96c29385-74e2-43f5-977e-9c7340fe42b3,Peter Davis,2025-05-04
16630cdf-40fb-40e7-bed3-0c8348277137,Jordan Brown,2025-04-03
95a8009b-4a99-4659-b42f-0b41a0794856,Mary Davis,2025-01-10
cc172a63-9890-4ff1-b19d-c1e22a5bb9fa,Sam Davis,2025-08-30
4615b70f-ad4b-4914-86c9-0a6a55159e54,Jane Wilson,2025-05-07
b50f5b89-c163-48d8-a896-4a25e4e858fe,John Smith,2025-04-08
86a0cb53-da75-4014-a8f0-1b9d2a02dcda,Peter Davis,2025-07-05
607e167f-8639-4478-8273-1f74a8b86b7e,Sam Taylor,2024-09-29
72a4506b-420a-4270-8fff-af02c55789cf,Alex Taylor,2025-09-21
2f3c3aec-ea4f-47c1-8ab0-84bccacedef0,Jane Jones,2024-10-07
86c048f0-7745-41bb-a58b-c70ef1123f51,Peter Taylor,2025-09-07
f601f634-c34e-4497-ac85-43514a51d0d4,Pat Anderson,2024-12-17
407fa2ae-c201-4247-82d3-60f9b482b19f,Peter Wilson,2025-07-22
a9fd42ca-a4f8-403f-8e63-cae19eae86a1,John Davis,2025-03-23
2f67b830-c4ef-443c-ba78-51404cc1da6c,John Miller,2025-06-10
a91ec42b-ed4c-416d-8a97-fbabd8a6af8b,Mary Jones,2025-03-28
495b4f47-2740-499d-8e75-a3f45d806f84,Taylor Wilson,2024-11-12
9842dab0-d641-4ad5-aefd-532794438006,Peter Brown,2025-07-04
19522f97-91cb-4761-b83c-c4c37cc4a866,Peter Wilson,2025-09-13
d38222a9-854a-40a9-8280-02522e702393,Peter Miller,2025-02-27
daeee50d-7d83-4e00-8122-8a19ab1b6fb5,Mary Davis,2025-07-06
4f399622-cd70-493c-83a7-f41ac83e17d7,Jane Wilson,2025-09-06
4de272e3-86b1-4df2-bfa5-1ebf63ec1918,Sam Brown,2025-06-15
48075d2e-0fa0-4520-91e9-f464291dc792,Sam Miller,2025-04-22
479f7299-ab41-4fe4-bb2f-4525dba7e254,Mary Brown,2025-09-13
baebf1ab-cb4b-474f-9e86-73b6d62897ba,Mary Wilson,2025-04-10
c128d718-8828-43e3-bfb4-efa484562d8b,Chris Jones,2025-05-06
b904f552-7d13-40fa-ae1f-2358589351bf,Pat Taylor,2025-03-05
dcb70b22-347e-45de-93ff-afbe7cbc0aa9,Taylor Miller,2025-09-11
f13c26af-540c-4cf8-97f4-3ec374862c86,Jane Davis,2025-06-26
f27863a8-650e-4ec1-9560-82df624b3c79,Jordan Davis,2025-09-06
3de17377-d2d1-4158-9f03-9dd83b7c402a,Jane Anderson,2025-02-15
f11903ec-2f87-4f32-8a51-bb0ee1d4d930,Pat Miller,2025-02-14
28b8f414-7737-4523-b5c8-db7ecfb76bbe,Jordan Taylor,2025-07-28
5d799c68-dec7-4b18-bc78-bb1cb2c9de30,Alex Anderson,2025-06-20
8467caa3-3f69-4e19-a899-1d1eacf9b483,Chris Smith,2024-09-28
6fe99e1d-64cc-4e4e-ab86-6c67d01c7950,Alex Smith,2025-01-02
f4c2ebea-d067-40e0-8485-97f4a350c3ae,Taylor Brown,2025-03-23
dea6ab17-9738-41cf-bf16-6020914159a8,Alex Jones,2024-10-20
4e78c847-75e2-4990-b96f-5ffa57f86706,Pat Anderson,2025-04-18
e3fc2a12-7880-4bd1-ab36-1d04dbc3e73b,Jane Davis,2025-01-09
01729a37-1b49-4aff-9143-d72f998d0d99,Chris Wilson,2025-04-11
98a52394-784c-45df-b8d0-9a83e53d6733,Alex Davis,2024-12-16
8fed328d-6e8c-4db6-ad7c-e5c450ead245,Peter Brown,2025-02-22
6f24737a-da31-4319-aa94-46cccbe58577,Alex Williams,2024-11-14
ed523857-cff3-4172-9f1f-de0ea6928697,Jordan Davis,2025-03-02
c9297f70-5fbc-4ad2-b049-3ea4e279574a,Taylor Smith,2025-04-23
25bb121e-a80e-4634-b2bd-aeec0217407c,Chris Brown,2025-02-17
e7b7c334-418e-4f50-9b5e-983a9cb679ca,Jordan Anderson,2024-10-25
ee206842-a519-489e-836b-ed7580b7c121,Pat Moore,2025-02-11
072505b0-790e-43d7-a3d0-1a4c1701aa3f,Sam Brown,2025-01-07
8aa58a02-b944-45e8-b30b-909b4fc361ec,Sam Williams,2024-10-23
36322024-6132-4bba-b1f2-c294f3316dfb,Jane Davis,2025-01-05
d707380a-22ad-4c08-9a2c-8763a3137b09,Jordan Miller,2025-08-09
6f050c54-81d8-42b9-b1c7-48fd201aeb75,Mary Davis,2025-06-02
850a50f9-c70b-42ac-ab8c-a07665dac01e,Mary Williams,2025-09-13
2fc24cd6-2ba9-4807-8daa-d1f8cb3b78ff,John Brown,2025-01-25
efd6f6bf-f842-46d5-a7eb-53d82d8c1c4b,Jordan Jones,2025-02-04
530c157d-491c-4dab-8ad1-00fbe6ca0be7,Alex Anderson,2025-06-18
7bc916d1-b4b7-4756-a132-e264f8fcf7ce,Alex Moore,2025-03-05
1f512164-4313-4f41-8a1d-522d1a210874,Mary Williams,2024-10-25
67acc4ec-8a61-47d2-893a-727da2c9fc0b,John Jones,2025-02-20
dbf8f061-4972-45ff-b321-67b689c10a6a,Mary Williams,2024-10-04
be5eb0ff-87aa-437d-a037-ea27c23f2e3e,Taylor Moore,2025-08-31
369ecc25-7b42-41a6-a87f-afde62292aa6,Taylor Brown,2025-07-25
032f8bc5-c6c4-45b5-9566-8f5536e7f7ff,Sam Williams,2025-01-31
db62b501-e77f-41cb-a57a-433649b3739f,Taylor Taylor,2024-11-25
ea703776-5cd9-4cb3-989f-90ccc317985d,Pat Moore,2024-11-16
3d6181d6-791b-40ac-b41d-a9f125653b5a,Taylor Wilson,2024-12-19
52146796-14d9-4f85-979e-dad8e48700a6,Sam Williams,2025-01-25
9a837acc-7f3f-4644-825a-07280770d19a,Sam Davis,2025-05-22
8128c063-941a-43a6-8a6b-312f1aec3fd3,Chris Taylor,2025-01-20
4628f19e-ec01-4898-8dc6-b9da3e826bf8,Mary Davis,2025-02-12
505603cd-d83c-4cff-a163-9bfd3a01ba63,Jane Davis,2025-05-28
b823e608-d0ab-4b24-9391-fffc487302b7,Chris Miller,2025-04-15
f157bba6-aa4e-47ed-92db-1eaa78aa95f2,Taylor Jones,2025-07-17
0d3479f1-ed1c-4388-ab9a-6d2a078445d3,Peter Brown,2025-03-13
9dd03fdf-ae02-49bd-9fcd-4756278a8fca,Peter Brown,2025-08-24
98206832-0b74-4eef-817c-4be72fe81b6a,Alex Wilson,2025-04-09
